username,email,password
user1,user1@test.com,Password@1
user2,user2@test.com,Password@2
user3,user3@test.com,Password@3
user4,user4@test.com,Password@4
user5,user5@test.com,Password@5
user6,user6@test.com,Password@6
user7,user7@test.com,Password@7
user8,user8@test.com,Password@8
user9,user9@test.com,Password@9
user10,user10@test.com,Password@10
user11,user11@test.com,Password@11
user12,user12@test.com,Password@12
user13,user13@test.com,Password@13
user14,user14@test.com,Password@14
user15,user15@test.com,Password@15
user16,user16@test.com,Password@16
user17,user17@test.com,Password@17
user18,user18@test.com,Password@18
user19,user19@test.com,Password@19
user20,user20@test.com,Password@20
user21,user21@test.com,Password@21
user22,user22@test.com,Password@22
user23,user23@test.com,Password@23
user24,user24@test.com,Password@24
user25,user25@test.com,Password@25
user26,user26@test.com,Password@26
user27,user27@test.com,Password@27
user28,user28@test.com,Password@28
user29,user29@test.com,Password@29
user30,user30@test.com,Password@30
user31,user31@test.com,Password@31
user32,user32@test.com,Password@32
user33,user33@test.com,Password@33
user34,user34@test.com,Password@34
user35,user35@test.com,Password@35
user36,user36@test.com,Password@36
user37,user37@test.com,Password@37
user38,user38@test.com,Password@38
user39,user39@test.com,Password@39
user40,user40@test.com,Password@40
user41,user41@test.com,Password@41
user42,user42@test.com,Password@42
user43,user43@test.com,Password@43
user44,user44@test.com,Password@44
user45,user45@test.com,Password@45
user46,user46@test.com,Password@46
user47,user47@test.com,Password@47
user48,user48@test.com,Password@48
user49,user49@test.com,Password@49
user50,user50@test.com,Password@50
user51,user51@test.com,Password@51
user52,user52@test.com,Password@52
user53,user53@test.com,Password@53
user54,user54@test.com,Password@54
user55,user55@test.com,Password@55
user56,user56@test.com,Password@56
user57,user57@test.com,Password@57
user58,user58@test.com,Password@58
user59,user59@test.com,Password@59
user60,user60@test.com,Password@60
user61,user61@test.com,Password@61
user62,user62@test.com,Password@62
user63,user63@test.com,Password@63
user64,user64@test.com,Password@64
user65,user65@test.com,Password@65
user66,user66@test.com,Password@66
user67,user67@test.com,Password@67
user68,user68@test.com,Password@68
user69,user69@test.com,Password@69
user70,user70@test.com,Password@70
user71,user71@test.com,Password@71
user72,user72@test.com,Password@72
user73,user73@test.com,Password@73
user74,user74@test.com,Password@74
user75,user75@test.com,Password@75
user76,user76@test.com,Password@76
user77,user77@test.com,Password@77
user78,user78@test.com,Password@78
user79,user79@test.com,Password@79
user80,user80@test.com,Password@80
user81,user81@test.com,Password@81
user82,user82@test.com,Password@82
user83,user83@test.com,Password@83
user84,user84@test.com,Password@84
user85,user85@test.com,Password@85
user86,user86@test.com,Password@86
user87,user87@test.com,Password@87
user88,user88@test.com,Password@88
user89,user89@test.com,Password@89
user90,user90@test.com,Password@90
user91,user91@test.com,Password@91
user92,user92@test.com,Password@92
user93,user93@test.com,Password@93
user94,user94@test.com,Password@94
user95,user95@test.com,Password@95
user96,user96@test.com,Password@96
user97,user97@test.com,Password@97
user98,user98@test.com,Password@98
user99,user99@test.com,Password@99
user100,user100@test.com,Password@100
